AccumulateRainfallInCatchment,DesiltingTunnelOutflow,DrainageTunnelOutflow,EffectiveWaterStorageCapacity,InflowDischarge,ObservationTime,OthersOutflow,PowerOutletOutflow,PredeterminedCrossFlow,PredeterminedOutflowTime,ReservoirIdentifier,SpillwayOutflow,StatusType,TotalOutflow,WaterDraw,WaterLevel
"","0","0","19486.7424","58.26","2025-09-22T19:00:00","","48.56","","","10201","","","48.56","9.7","243.78"
"45.05","0","0","19520.418","105.06","2025-09-22T20:00:00","","48.56","","","10201","","","48.56","10.2","243.82"
"49.05","0","0","19503.599","174.9","2025-09-22T21:00:00","","48.56","","","10201","","","48.56","10.2","243.87"
"","0","0","19638.1152","225.72","2025-09-22T22:00:00","","5.28","","","10201","","","5.28","10.2","243.96"
"","0","0","19705.9392","211.27","2025-09-22T23:00:00","","12.67","","","10201","","","12.67","10.2","244.04"
"49.9","","","19757.214","191.08","2025-09-23T00:00:00","","58.06","","","10201","","","58.06","9.7","244.1"
"","0","0","19799.9424","187.06","2025-09-23T01:00:00","","58.06","","","10201","","","58.06","10.2","244.15"
"","0","0","19842.624","186.82","2025-09-23T02:00:00","","58.06","","","10201","","","58.06","10.2","244.2"
"","0","0","19868.2848","139.54","2025-09-23T03:00:00","","58.06","","","10201","","","58.06","10.2","244.23"
"","0","0","19902.4128","163.06","2025-09-23T04:00:00","","58.06","","","10201","","","58.06","10.2","244.27"
"","0","0","19945.1808","153.28","2025-09-23T05:00:00","","24.28","","","10201","","","24.28","10.2","244.32"
"","0","0","19979.3088","129.28","2025-09-23T06:00:00","","24.28","","","10201","","","24.28","10.2","244.36"
"","0","0","20030.544","152.54","2025-09-23T07:00:00","","24.28","","","10201","","","24.28","9.7","244.42"
"","0","0","20064.7584","129.02","2025-09-23T08:00:00","","24.28","","","10201","","","24.28","9.7","244.46"
"","0","0","20115.9936","176.3","2025-09-23T09:00:00","","24.28","","","10201","","","24.28","9.7","244.52"
"","0","0","20141.6544","118.98","2025-09-23T10:00:00","","38","","","10201","","","38","9.7","244.55"
"","0","0","20175.7824","142.5","2025-09-23T11:00:00","","38","","","10201","","","38","9.7","244.59"
"","0","0","20209.9104","128.78","2025-09-23T12:00:00","","24.28","","","10201","","","24.28","9.7","244.63"
"","0","0","20252.6784","157","2025-09-23T13:00:00","","28.5","","","10201","","","28.5","9.7","244.68"
"","0","0","20278.2528","129.3","2025-09-23T14:00:00","","48.56","","","10201","","","48.56","9.7","244.71"
"","0","0","20303.9136","129.54","2025-09-23T15:00:00","","48.56","","","10201","","","48.56","9.7","244.74"
"","0","0","20338.0416","153.06","2025-09-23T16:00:00","","48.56","","","10201","","","48.56","9.7","244.78"
"23.25","33.86","0","20355.1488","149.14","2025-09-23T17:00:00","0","58.06","91.92","2025-09-23T18:00:00","10201","0","4","91.92","9.7","244.8"
"23.85","33.86","0","20338.0416","154.1","2025-09-23T18:00:00","0","58.06","191.92","2025-09-23T18:00:00","10201","0","4","191.92","9.7","244.78"
"28.7","","0","23178.597565872","33.7761841","2025-09-22T18:20:00","0","85.05","","","10205","0","","85.05","","153.47"
"29.3","","0","23171.3178441008","32.9846764","2025-09-22T18:30:00","0","85.05","","","10205","0","","85.05","","153.46"
"30.4","","0","23164.0366794232","32.1920624","2025-09-22T18:40:00","0","85.05","","","10205","0","","85.05","","153.45"
"30.7","","0","23164.0366794232","31.3955536","2025-09-22T18:50:00","0","85.05","","","10205","0","","85.05","","153.45"
"30.7","","0","23164.0366794232","44.60556","2025-09-22T19:00:00","0","85.05","","","10205","0","","85.05","","153.45"
"30.7","","0","23156.76454216","29.8136482","2025-09-22T19:10:00","0","85.05","","","10205","0","","85.05","","153.44"
"31","","0","23156.76454216","31.5493622","2025-09-22T19:20:00","0","85.05","","","10205","0","","85.05","","153.44"
"33.2","","0","23149.4814906048","30.7567425","2025-09-22T19:30:00","0","85.05","","","10205","0","","85.05","","153.43"
"33.8","","0","23149.4814906048","44.6188927","2025-09-22T19:40:00","0","85.05","","","10205","0","","85.05","","153.43"
"33.9","","0","23149.4814906048","44.6188927","2025-09-22T19:50:00","0","85.05","","","10205","0","","85.05","","153.43"
"33.9","","0","23142.21338608","30.9122162","2025-09-22T20:00:00","0","85.05","","","10205","0","","85.05","","153.42"
"33.9","","0","23134.9446155984","30.1245975","2025-09-22T20:10:00","0","85.05","","","10205","0","","85.05","","153.41"
"34.4","","0","23134.9446155984","31.8603153","2025-09-22T20:20:00","0","85.05","","","10205","0","","85.05","","153.41"
"38.5","","0","23127.6677056448","31.0688076","2025-09-22T20:30:00","0","85.05","","","10205","0","","85.05","","153.4"
"39","","0","23127.6677056448","28.5354729","2025-09-22T20:40:00","0","0","","","10205","0","","0","","153.4"
"39.3","","0","23127.6677056448","28.5354729","2025-09-22T20:50:00","0","0","","","10205","0","","0","","153.4"
"39.6","","0","23134.9446155984","33.59603","2025-09-22T21:00:00","0","0","","","10205","0","","0","","153.41"
"40","","0","23127.6677056448","28.5354729","2025-09-22T21:10:00","0","0","","","10205","0","","0","","153.4"
"40.5","","0","23127.6677056448","28.5354729","2025-09-22T21:20:00","0","0","","","10205","0","","0","","153.4"
"41.1","","0","23134.9446155984","32.36778","2025-09-22T21:30:00","0","0","","","10205","0","","0","","153.41"
"43","","0","23134.9446155984","28.53325","2025-09-22T21:40:00","0","0","","","10205","0","","0","","153.41"
"44.5","","0","23134.9446155984","31.0626965","2025-09-22T21:50:00","0","0","","","10205","0","","0","","153.41"
"44.8","","0","23142.21338608","31.0565853","2025-09-22T22:00:00","0","0","","","10205","0","","0","","153.42"
"45.2","","0","23149.4814906048","60.5955544","2025-09-22T22:10:00","0","0","","","10205","0","","0","","153.43"
"46.5","","0","23156.76454216","80.82222","2025-09-22T22:20:00","0","0","","","10205","0","","0","","153.44"
"46.5","","0","23156.76454216","60.6044426","2025-09-22T22:30:00","0","0","","","10205","0","","0","","153.44"
"46.5","","0","23156.76454216","60.6044426","2025-09-22T22:40:00","0","0","","","10205","0","","0","","153.44"
"46.5","","0","23171.3178441008","101.035553","2025-09-22T22:50:00","0","0","","","10205","0","","0","","153.46"
"46.6","","0","23178.597565872","101.066666","2025-09-22T23:00:00","0","0","","","10205","0","","0","","153.47"
"46.6","","0","23171.3178441008","60.6577759","2025-09-22T23:10:00","0","0","","","10205","0","","0","","153.46"
"47.1","","0","23171.3178441008","40.43111","2025-09-22T23:20:00","0","0","","","10205","0","","0","","153.46"
"47.3","","0","23171.3178441008","40.43111","2025-09-22T23:30:00","0","0","","","10205","0","","0","","153.46"
"47.4","","0","23178.597565872","60.6488876","2025-09-22T23:40:00","0","0","","","10205","0","","0","","153.47"
"47.4","","0","23193.1654818648","60.6844444","2025-09-22T23:50:00","0","0","","","10205","0","","0","","153.49"
"0.2","","0","23185.8730329192","35.9494476","2025-09-23T00:00:00","0","0","","","10205","0","","0","","153.48"
"0.3","","0","23185.8730329192","40.4266663","2025-09-23T00:10:00","0","0","","","10205","0","","0","","153.48"
"0.3","","0","23185.8730329192","40.4266663","2025-09-23T00:20:00","0","0","","","10205","0","","0","","153.48"
"2.5","","0","23185.8730329192","40.4266663","2025-09-23T00:30:00","0","0","","","10205","0","","0","","153.48"
"6.3","","0","23185.8730329192","34.0693665","2025-09-23T00:40:00","0","0","","","10205","0","","0","","153.48"
"7.3","","0","23193.1654818648","37.39365","2025-09-23T00:50:00","0","0","","","10205","0","","0","","153.49"
"8","","0","23207.7250364","60.70222","2025-09-23T01:00:00","0","0","","","10205","0","","0","","153.51"
"8.4","","0","23207.7250364","60.70222","2025-09-23T01:10:00","0","0","","","10205","0","","0","","153.51"
"8.6","","0","23215.02096312","80.96889","2025-09-23T01:20:00","0","0","","","10205","0","","0","","153.52"
"8.8","","0","23207.7250364","60.70222","2025-09-23T01:30:00","0","0","","","10205","0","","0","","153.51"
"8.9","","0","23215.02096312","80.96889","2025-09-23T01:40:00","0","0","","","10205","0","","0","","153.52"
"8.9","","0","23229.590618","101.18222","2025-09-23T01:50:00","0","0","","","10205","0","","0","","153.54"
"8.9","","0","23229.590618","60.7377777","2025-09-23T02:00:00","0","0","","","10205","0","","0","","153.54"
"9","","0","23229.590618","60.7377777","2025-09-23T02:10:00","0","0","","","10205","0","","0","","153.54"
"9.1","","0","23229.590618","40.47111","2025-09-23T02:20:00","0","0","","","10205","0","","0","","153.54"
"9.1","","0","23236.89394424","81.0266647","2025-09-23T02:30:00","0","0","","","10205","0","","0","","153.55"
"9.1","","0","23236.89394424","60.76","2025-09-23T02:40:00","0","0","","","10205","0","","0","","153.55"
"9.1","","0","23244.1813985096","40.52889","2025-09-23T02:50:00","0","0","","","10205","0","","0","","153.56"
"9.2","","0","23244.1813985096","40.52889","2025-09-23T03:00:00","0","0","","","10205","0","","0","","153.56"
"9.2","","0","23244.1813985096","40.52889","2025-09-23T03:10:00","0","0","","","10205","0","","0","","153.56"
"9.3","","0","23251.48579768","60.81778","2025-09-23T03:20:00","0","0","","","10205","0","","0","","153.57"
"9.3","","0","23251.48579768","40.52889","2025-09-23T03:30:00","0","0","","","10205","0","","0","","153.57"
"9.3","","0","23251.48579768","40.52889","2025-09-23T03:40:00","0","0","","","10205","0","","0","","153.57"
"9.3","","0","23251.48579768","44.09635","2025-09-23T03:50:00","0","0","","","10205","0","","0","","153.57"
"9.3","","0","23266.07395136","60.81778","2025-09-23T04:00:00","0","0","","","10205","0","","0","","153.59"
"9.3","","0","23258.77802464","40.54222","2025-09-23T04:10:00","0","0","","","10205","0","","0","","153.58"
"9.3","","0","23258.77802464","46.4680939","2025-09-23T04:20:00","0","0","","","10205","0","","0","","153.58"
"9.5","","0","23266.07395136","40.52889","2025-09-23T04:30:00","0","0","","","10205","0","","0","","153.59"
"10.3","","0","23273.3821612832","60.8266678","2025-09-23T04:40:00","0","0","","","10205","0","","0","","153.6"
"10.8","","0","23273.3821612832","60.8266678","2025-09-23T04:50:00","0","0","","","10205","0","","0","","153.6"
"13","","0","23273.3821612832","48.0683327","2025-09-23T05:00:00","0","0","","","10205","0","","0","","153.6"
"14.9","","0","23273.3821612832","40.5733337","2025-09-23T05:10:00","0","0","","","10205","0","","0","","153.6"
"16.9","","0","23280.68060384","60.8444443","2025-09-23T05:20:00","0","0","","","10205","0","","0","","153.61"
"17.4","","0","23287.98023032","60.8444443","2025-09-23T05:30:00","0","0","","","10205","0","","0","","153.62"
"17.4","","0","23295.2933239264","60.86222","2025-09-23T05:40:00","0","0","","","10205","0","","0","","153.63"
"18.6","","0","23302.5956142336","81.14667","2025-09-23T05:50:00","0","0","","","10205","0","","0","","153.64"
"20.9","","0","23295.2933239264","60.86222","2025-09-23T06:00:00","0","0","","","10205","0","","0","","153.63"
"21.9","","0","23295.2933239264","60.86222","2025-09-23T06:10:00","0","0","","","10205","0","","0","","153.63"
"23.1","","0","23302.5956142336","60.8755569","2025-09-23T06:20:00","0","0","","","10205","0","","0","","153.64"
"23.5","","0","23302.5956142336","40.6","2025-09-23T06:30:00","0","0","","","10205","0","","0","","153.64"
"24.5","","0","23309.90130832","40.5777779","2025-09-23T06:40:00","0","0","","","10205","0","","0","","153.65"
"24.8","","0","23317.2185826552","40.61778","2025-09-23T06:50:00","0","0","","","10205","0","","0","","153.66"
"25.3","","0","23317.2185826552","60.90222","2025-09-23T07:00:00","0","0","","","10205","0","","0","","153.66"
"27.3","","0","23324.5264596","81.2","2025-09-23T07:10:00","0","0","","","10205","0","","0","","153.67"
"29.8","","0","23331.8387392592","81.23111","2025-09-23T07:20:00","0","0","","","10205","0","","0","","153.68"
"33.1","","0","23339.1607862848","101.568886","2025-09-23T07:30:00","0","0","","","10205","0","","0","","153.69"
"34.4","","0","23346.4758037664","101.59111","2025-09-23T07:40:00","0","0","","","10205","0","","0","","153.7"
"35.1","","0","23353.7964448832","101.608887","2025-09-23T07:50:00","0","0","","","10205","0","","0","","153.71"
"37.9","","0","23361.11338624","121.933334","2025-09-23T08:00:00","0","0","","","10205","0","","0","","153.72"
"41.7","","0","23361.11338624","101.635559","2025-09-23T08:10:00","0","0","","","10205","0","","0","","153.72"
"44.5","","0","23368.4306975728","101.644447","2025-09-23T08:20:00","0","0","","","10205","0","","0","","153.73"
"45.3","","0","23375.7626599552","101.671112","2025-09-23T08:30:00","0","0","","","10205","0","","0","","153.74"
"45.4","","0","23383.0847069808","101.693336","2025-09-23T08:40:00","0","0","","","10205","0","","0","","153.75"
"45.4","","0","23383.0847069808","81.35111","2025-09-23T08:50:00","0","0","","","10205","0","","0","","153.75"
"47.2","","0","23383.0847069808","61.02667","2025-09-23T09:00:00","0","0","","","10205","0","","0","","153.75"
"49.1","","0","23405.06653504","122.08889","2025-09-23T09:10:00","0","0","","","10205","0","","0","","153.78"
"49.8","","0","23405.06653504","101.764442","2025-09-23T09:20:00","0","0","","","10205","0","","0","","153.78"
"50.5","","0","23412.3941317056","101.755554","2025-09-23T09:30:00","0","0","","","10205","0","","0","","153.79"
"50.9","","0","23419.7345665384","101.808891","2025-09-23T09:40:00","0","0","","","10205","0","","0","","153.8"
"52.1","","0","23427.065308","122.168892","2025-09-23T09:50:00","0","0","","","10205","0","","0","","153.81"
"55.9","","0","23449.0806928824","183.32","2025-09-23T10:00:00","0","0","","","10205","0","","0","","153.84"
"62.1","","0","23449.0806928824","122.257774","2025-09-23T10:10:00","0","0","","","10205","0","","0","","153.84"
"67.3","","0","23456.4253454416","142.666672","2025-09-23T10:20:00","0","0","","","10205","0","","0","","153.85"
"71.2","","0","23478.46237392","183.52","2025-09-23T10:30:00","0","0","","","10205","0","","0","","153.88"
"74.8","","0","23485.8011068632","183.52","2025-09-23T10:40:00","0","0","","","10205","0","","0","","153.89"
"77.4","","0","23500.50924376","204.0089","2025-09-23T10:50:00","0","0","","","10205","0","","0","","153.91"
"80.1","","0","23507.856227168","163.266663","2025-09-23T11:00:00","0","0","","","10205","0","","0","","153.92"
"81.6","","0","23515.2036915448","183.68","2025-09-23T11:10:00","0","0","","","10205","0","","0","","153.93"
"83","","0","23529.9211888344","204.155548","2025-09-23T11:20:00","0","0","","","10205","0","","0","","153.95"
"86.8","","0","23544.6457896632","183.844452","2025-09-23T11:30:00","0","0","","","10205","0","","0","","153.97"
"92.1","","0","23552.0003205816","183.884445","2025-09-23T11:40:00","0","0","","","10205","0","","0","","153.98"
"98.2","","0","23574.0991720496","204.41777","2025-09-23T11:50:00","0","0","","","10205","0","","0","","154.01"
"101.4","","0","23581.4747916","204.502228","2025-09-23T12:00:00","0","0","","","10205","0","","0","","154.02"
"105.1","","0","23610.9663555096","266.004456","2025-09-23T12:10:00","0","0","","","10205","0","","0","","154.06"
"108.5","","0","23625.7239212","266.11557","2025-09-23T12:20:00","0","0","","","10205","0","","0","","154.08"
"109.7","","0","23647.87068456","286.733337","2025-09-23T12:30:00","0","0","","","10205","0","","0","","154.11"
"113.5","","0","23692.2086084","389.457764","2025-09-23T12:40:00","0","0","","","10205","0","","0","","154.17"
"116.1","","0","23714.39606912","389.715546","2025-09-23T12:50:00","0","0","","","10205","0","","0","","154.2"
"116.3","","0","23736.59832888","430.893341","2025-09-23T13:00:00","0","0","","","10205","0","","0","","154.23"
"116.3","","0","23773.640326","451.871124","2025-09-23T13:10:00","0","0","","","10205","0","","0","","154.28"
"117","","0","23803.30500168","493.284454","2025-09-23T13:20:00","0","0","","","10205","0","","0","","154.32"
"117.2","","0","23832.98817616","514.2178","2025-09-23T13:30:00","0","0","","","10205","0","","0","","154.36"
"117.2","","0","23862.69724896","473.591125","2025-09-23T13:40:00","0","0","","","10205","0","","0","","154.4"
"117.3","","0","23899.8761372","515.2178","2025-09-23T13:50:00","0","0","","","10205","0","","0","","154.45"
"117.3","","0","23937.0957228","556.93335","2025-09-23T14:00:00","0","0","","","10205","0","","0","","154.5"
"117.3","","0","23974.352306","557.5333","2025-09-23T14:10:00","0","0","","","10205","0","","0","","154.55"
"117.3","","0","23989.26973832","516.564453","2025-09-23T14:20:00","0","0","","","10205","0","","0","","154.57"
"117.3","","0","24026.5744184","537.742249","2025-09-23T14:30:00","0","0","","","10205","0","","0","","154.62"
"117.3","","0","24048.98016496","517.444458","2025-09-23T14:40:00","0","0","","","10205","0","","0","","154.65"
"117.3","","0","24071.40071056","476.457764","2025-09-23T14:50:00","0","0","","","10205","0","","0","","154.68"
"117.3","","0","24101.3259603368","456.2","2025-09-23T15:00:00","0","0","","","10205","0","","0","","154.72"
"117.4","","0","24138.7605389904","456.693329","2025-09-23T15:10:00","0","0","","","10205","0","","0","","154.77"
"117.8","","0","24146.2491122136","436.05777","2025-09-23T15:20:00","0","0","","","10205","0","","0","","154.78"
"0.04","","","11562.52","26.67","2025-09-22T19:00:00","0","5.06","","","20101","0","3","5.06","9.41","299.95"
"0.04","","","11571.25","38.72","2025-09-22T20:00:00","0","5.09","","","20101","1.71","3","6.8","9.39","299.97"
"0.04","","","11575.62","28.33","2025-09-22T21:00:00","0","5.15","","","20101","2.57","3","7.72","9.46","299.98"
"0.04","","","11575.62","17.18","2025-09-22T22:00:00","0","5.14","","","20101","2.57","3","7.71","9.43","299.98"
"0.04","","","11571.25","5","2025-09-22T23:00:00","0","5.1","","","20101","1.71","3","6.81","9.4","299.97"
"0","","","11571.25","16.21","2025-09-23T00:00:00","0","5.07","","","20101","1.71","3","6.78","9.47","299.97"
"0","","","11566.89","4.14","2025-09-23T01:00:00","0","5.16","","","20101","0.86","3","6.02","9.4","299.96"
"0","","","11566.89","15.42","2025-09-23T02:00:00","0","5.04","","","20101","0.86","3","5.9","9.46","299.96"
"0","","","11558.16","0","2025-09-23T03:00:00","0","5.13","","","20101","0","-1","5.13","9.5","299.94"
"0","","","11558.16","14.63","2025-09-23T04:00:00","0","5.11","","","20101","0","-1","5.11","9.46","299.94"
"0","","","11558.16","14.57","2025-09-23T05:00:00","0","5.14","","","20101","0","-1","5.14","9.47","299.94"
"0","","","11553.79","2.47","2025-09-23T06:00:00","0","5.15","","","20101","0","-1","5.15","9.49","299.93"
"0","","","11549.43","2.53","2025-09-23T07:00:00","0","5.08","","","20101","0","-1","5.08","9.43","299.92"
"0","","","11549.43","14.51","2025-09-23T08:00:00","0","5.1","","","20101","0","-1","5.1","9.43","299.92"
"0.55","","","11545.07","2.42","2025-09-23T09:00:00","0","5.11","","","20101","0","-1","5.11","9.22","299.91"
"1.02","","","11545.07","14.33","2025-09-23T10:00:00","0","5.12","","","20101","0","-1","5.12","9.36","299.91"
"1.54","","","11545.07","14.48","2025-09-23T11:00:00","0","5.13","","","20101","0","-1","5.13","9.23","299.91"
"1.54","","","11549.43","26.47","2025-09-23T12:00:00","0","5.08","","","20101","0","-1","5.08","9.24","299.92"
"1.56","","","11549.43","14.32","2025-09-23T13:00:00","0","5.1","","","20101","0","-1","5.1","9.28","299.92"
"1.56","","","11549.43","14.38","2025-09-23T14:00:00","0","5.08","","","20101","0","-1","5.08","9.14","299.92"
"2.56","","","11549.43","14.22","2025-09-23T15:00:00","0","5.13","","","20101","0","-1","5.13","9.22","299.92"
"2.58","","","11558.16","38.6","2025-09-23T16:00:00","0","5.08","","","20101","0","-1","5.08","9.23","299.94"
"2.58","","","11562.52","26.42","2025-09-23T17:00:00","0","5.12","","","20101","0","3","5.12","9.18","299.95"
"3.06","","","11566.89","26.44","2025-09-23T18:00:00","0","5.12","","","20101","0.86","3","5.98","9.22","299.96"
"7.5","","","14856.88","18","2025-09-22T19:00:00","","89","","","20201","","","89","","1398.85"
"10.5","","","14825.51","33","2025-09-22T20:00:00","","121","","","20201","","","121","","1398.76"
"13.5","","","14794.2","35","2025-09-22T21:00:00","","122","","","20201","","","122","","1398.67"
"15.5","","","14780.31","35","2025-09-22T22:00:00","","73","","","20201","","","73","","1398.63"
"16","","","14797.68","35","2025-09-22T23:00:00","","0","","","20201","","","0","","1398.68"
"23","","","14825.51","41","2025-09-23T00:00:00","","0","","","20201","","","0","","1398.76"
"23","","","15088.69","128","2025-09-23T06:00:00","","0","","","20201","","","0","","1399.51"
"18","","","15124.09","128","2025-09-23T07:00:00","","46","","","20201","","","46","","1399.61"
"20","","","15120.55","149","2025-09-23T08:00:00","","159","","","20201","","","159","","1399.6"
"22","","","15117.01","149","2025-09-23T09:00:00","","147","","","20201","","","147","","1399.59"
"24","","","15113.47","149","2025-09-23T10:00:00","","160","","","20201","","","160","","1399.58"
"24.5","","","15141.82","163","2025-09-23T11:00:00","","97","","","20201","","","97","","1399.66"
"26","","","15184.42","222","2025-09-23T12:00:00","","103","","","20201","","","103","","1399.78"
"27","","","15248.46","264","2025-09-23T13:00:00","","85","","","20201","","","85","","1399.96"
"27","","","15294.86","250","2025-09-23T14:00:00","","121","","","20201","","","121","","1400.09"
"0.5","","","15330.66","245","2025-09-23T15:00:00","","146","","","20201","","","146","","1400.19"
"1","","","15359.36","235","2025-09-23T16:00:00","","154","","","20201","","","154","","1400.27"
"0","","","15413.31","288","2025-09-23T17:00:00","","142","","","20201","","","142","","1400.42"
"0","","","15478.3","305","2025-09-23T18:00:00","","135","","","20201","","","135","","1400.6"
"0.1","0","","48292","31.02","2025-09-22T19:00:00","","45.53","","","30502","0","","45.53","","229.52"
"0.1","0","","48292","22.22","2025-09-22T20:00:00","","21.99","","","30502","0","","21.99","","229.52"
"0.1","0","","48310","50","2025-09-22T21:00:00","","0","","","30502","0","","0","","229.53"
"0.3","0","","48310","26.85","2025-09-22T22:00:00","","0","","","30502","0","","0","","229.53"
"0.6","0","","48310","18.98","2025-09-22T23:00:00","","0","","","30502","0","","0","","229.53"
"0","0","","48328","0","2025-09-23T00:00:00","","0","","","30502","0","","0","","229.54"
"0","0","","48346","0","2025-09-23T01:00:00","","0","","","30502","0","","0","","229.55"
"0","0","","48346","27.78","2025-09-23T02:00:00","","0","","","30502","0","","0","","229.55"
"0.3","0","","48346","19.44","2025-09-23T03:00:00","","0","","","30502","0","","0","","229.55"
"0.5","0","","48364","50","2025-09-23T04:00:00","","0","","","30502","0","","0","","229.56"
"119.6","","0","24176.23710992","415.724457","2025-09-23T15:30:00","0","0","","","10205","0","","0","","154.82"
"120.2","","0","24198.73905024","416.004456","2025-09-23T15:40:00","0","0","","","10205","0","","0","","154.85"
"122.2","","0","24213.74157704","395.395569","2025-09-23T15:50:00","0","0","","","10205","0","","0","","154.87"
"122.5","","0","24228.75890288","353.986664","2025-09-23T16:00:00","0","0","","","10205","0","","0","","154.89"
"122.5","","0","24258.8083536","333.466675","2025-09-23T16:10:00","0","0","","","10205","0","","0","","154.93"
"122.6","","0","24266.33366544","333.568878","2025-09-23T16:20:00","0","0","","","10205","0","","0","","154.94"
"123.4","","0","24281.3768896","292.05777","2025-09-23T16:30:00","0","0","","","10205","0","","0","","154.96"
"124.2","","0","24303.9454256","292.235565","2025-09-23T16:40:00","0","0","","","10205","0","","0","","154.99"
"124.9","","0","24319.00714856","292.4","2025-09-23T16:50:00","0","0","","","10205","0","","0","","155.01"
"125","","0","24341.63858048","313.542236","2025-09-23T17:00:00","0","0","","","10205","0","","0","","155.04"
"126.3","","0","24356.73730104","272.0178","2025-09-23T17:10:00","0","0","","","10205","0","","0","","155.06"
"127.2","","0","24371.83972136","293.062225","2025-09-23T17:20:00","0","0","","","10205","0","","0","","155.08"
"127.4","","0","24394.4970516","314.217773","2025-09-23T17:30:00","0","0","","","10205","0","","0","","155.11"
"128.5","","0","24402.04826176","272.506653","2025-09-23T17:40:00","0","0","","","10205","0","","0","","155.12"
"133.4","","0","24417.16548112","272.666656","2025-09-23T17:50:00","0","0","","","10205","0","","0","","155.14"
"134.9","","0","24432.2901","251.81778","2025-09-23T18:00:00","0","0","","","10205","0","","0","","155.16"
"0","","","476.41","","2025-09-22T19:00:00","","","2.45","","10503","2.45","4","2.45","","69.32"
"0","","","476.41","","2025-09-23T07:00:00","","","2.45","","10503","2.45","4","2.45","","69.32"
"0","","","475.31","","2025-09-23T11:00:00","","","2.45","","10503","2.45","4","2.45","","69.31"
"0","","","474.2","","2025-09-23T16:00:00","","","2.45","","10503","2.45","4","2.45","","69.3"
"","","","91.5","133.92","2025-09-22T19:00:00","","","","","20503","","","1","","210.2"
"","","","114","158.19","2025-09-22T20:00:00","","","","","20503","","","1","","210.63"
"","","","129.17","156.87","2025-09-22T21:00:00","","","","","20503","","","3","","210.92"
"","","","132.84","178.3","2025-09-22T22:00:00","","","","","20503","","","8","","210.99"
"","","","135.87","205.97","2025-09-22T23:00:00","","","","","20503","","","1","","211.03"
"","","","138.37","279.47","2025-09-23T00:00:00","","","","","20503","","","1","","211.06"
"","","","137.54","330.64","2025-09-23T01:00:00","","","","","20503","","","2","","211.05"
"","","","138.37","403.81","2025-09-23T02:00:00","","","","","20503","","","3","","211.06"
"","","","146.73","514.97","2025-09-23T03:00:00","","","","","20503","","","4","","211.16"
"","","","146.73","624.09","2025-09-23T04:00:00","","","","","20503","","","5","","211.16"
"","","","144.22","698.38","2025-09-23T05:00:00","","","","","20503","","","6","","211.13"
"","","","145.06","790.13","2025-09-23T06:00:00","","","","","20503","","","7","","211.14"
"","","","135.87","784.24","2025-09-23T07:00:00","","","","","20503","","","7","","211.03"
"","","","137.54","760.97","2025-09-23T08:00:00","","","","","20503","","","6","","211.05"
"","","","150.07","875.61","2025-09-23T09:00:00","","","","","20503","","","7","","211.2"
"","","","141.71","909.94","2025-09-23T10:00:00","","","","","20503","","","8","","211.1"
"","","","172.63","1170.59","2025-09-23T11:00:00","","","","","20503","","","1","","211.47"
"","","","191.85","1368.17","2025-09-23T12:00:00","","","","","20503","","","1","","211.7"
"","","","24.08","1317.8","2025-09-23T13:00:00","","","","","20503","","","1","","207.61"
"","","","21.48","1840.37","2025-09-23T14:00:00","","","","","20503","","","1","","207.4"
"","","","24.21","1888.53","2025-09-23T15:00:00","","","","","20503","","","1","","207.62"
"","","","18.76","1832.3","2025-09-23T16:00:00","","","","","20503","","","1","","207.18"
"","","","23.34","1845.24","2025-09-23T17:00:00","","","","","20503","","","1","","207.55"
"","","","23.46","1903.56","2025-09-23T18:00:00","","","","","20503","","","1","","207.56"
"","69","","1239.3","","2025-09-23T10:00:00","","","69","","20505","","4","69","","351.79"
"","70","","1239.3","","2025-09-23T11:00:00","","","70","","20505","","4","70","","353.59"
"","120","","1239.3","","2025-09-23T15:00:00","","","120","","20505","","4","120","","358.67"
"","120","","1239.3","","2025-09-23T16:00:00","","","120","","20505","","4","120","","360.68"
"5.9","","","","21.27","2025-09-22T19:00:00","5.51","","","","31002","","","5.51","15.76","246.07"
"7.1","","","","21.27","2025-09-22T20:00:00","5.51","","","","31002","","","5.51","15.76","246.07"
"8","","","","21.24","2025-09-22T21:00:00","5.48","","","","31002","","","5.48","15.76","246.07"
"10.3","","","","21.24","2025-09-22T22:00:00","5.48","","","","31002","","","5.48","15.76","246.07"
"13.8","","","","21.25","2025-09-22T23:00:00","5.49","","","","31002","","","5.49","15.76","246.07"
"17","","","","21.26","2025-09-23T00:00:00","5.5","","","","31002","","","5.5","15.76","246.07"
"0.8","","","","21.19","2025-09-23T01:00:00","5.43","","","","31002","","","5.43","15.76","246.07"
"2.3","","","","21.38","2025-09-23T02:00:00","5.45","","","","31002","","","5.45","15.93","246.07"
"4.7","","","","21.48","2025-09-23T03:00:00","5.4","","","","31002","","","5.4","16.08","246.07"
"5.9","","","","22.01","2025-09-23T04:00:00","5.42","","","","31002","","","5.42","16.59","246.07"
"10.2","","","","22.02","2025-09-23T05:00:00","5.36","","","","31002","","","5.36","16.66","246.07"
"","","","505.58","","2025-09-22T23:00:00","","","","","10401","","","0","","141.68"
"0.5","","","505.58","","2025-09-23T07:00:00","","","","","10401","","","0","","141.68"
"0.1","","","3381.11","","2025-09-22T19:00:00","","","0.26","","10405","0.26","3","0.26","","151.367"
"0.3","","","3381.35","","2025-09-22T20:00:00","","","0.34","","10405","0.34","3","0.34","","151.37"
"0.3","","","3381.82","","2025-09-22T21:00:00","","","0.5","","10405","0.5","3","0.5","","151.376"
"0.3","","","3381.82","","2025-09-22T22:00:00","","","0.5","","10405","0.5","3","0.5","","151.376"
"0.3","","","3381.9","","2025-09-22T23:00:00","","","0.53","","10405","0.53","3","0.53","","151.377"
"0.5","","","3382.06","","2025-09-23T00:00:00","","","0.59","","10405","0.59","3","0.59","","151.379"
"0.1","","","3381.51","","2025-09-23T01:00:00","","","0.39","","10405","0.39","3","0.39","","151.372"
"0.1","","","3381.9","","2025-09-23T02:00:00","","","0.53","","10405","0.53","3","0.53","","151.377"
"0.1","","","3381.74","","2025-09-23T03:00:00","","","0.47","","10405","0.47","3","0.47","","151.375"
"0.1","","","3382.14","","2025-09-23T04:00:00","","","0.62","","10405","0.62","3","0.62","","151.38"
"0.1","","","3382.3","","2025-09-23T05:00:00","","","0.68","","10405","0.68","3","0.68","","151.382"
"0.3","","","3382.45","","2025-09-23T06:00:00","","","0.75","","10405","0.75","3","0.75","","151.384"
"0.3","","","3382.69","","2025-09-23T07:00:00","","","0.85","","10405","0.85","3","0.85","","151.387"
"0.4","","","3382.69","","2025-09-23T08:00:00","","","0.85","","10405","0.85","3","0.85","","151.387"
"0.5","","","3382.93","","2025-09-23T09:00:00","","","0.95","","10405","0.95","3","0.95","","151.39"
"0.6","","","3383.08","","2025-09-23T10:00:00","","","1.02","","10405","1.02","3","1.02","","151.392"
"0.8","","","3383.16","","2025-09-23T11:00:00","","","1.06","","10405","1.06","3","1.06","","151.393"
"0.8","","","3383.32","","2025-09-23T12:00:00","","","1.14","","10405","1.14","3","1.14","","151.395"
"0.8","","","3383.56","","2025-09-23T13:00:00","","","1.25","","10405","1.25","3","1.25","","151.398"
"1","","","3383.64","","2025-09-23T14:00:00","","","1.29","","10405","1.29","3","1.29","","151.399"
"1.1","","","3383.95","","2025-09-23T15:00:00","","","1.37","","10405","1.37","3","1.37","","151.401"
"1.3","","","3383.95","","2025-09-23T16:00:00","","","1.37","","10405","1.37","3","1.37","","151.401"
"1.6","","","3384.41","","2025-09-23T17:00:00","","","1.45","","10405","1.45","3","1.45","","151.403"
"0","","","2960.25","0","2025-09-22T19:00:00","0","","","","10501","","","0","","84.78"
"0","","","2960.25","0","2025-09-22T20:00:00","0","","","","10501","","","0","","84.78"
"0","","","2960.25","0","2025-09-22T21:00:00","0","","","","10501","","","0","","84.78"
"0","","","2960.25","0","2025-09-22T22:00:00","0","","","","10501","","","0","","84.78"
"0","","","2960.25","0","2025-09-22T23:00:00","0","","","","10501","","","0","","84.78"
"0","","","2960.25","0","2025-09-23T00:00:00","0","","","","10501","","","0","","84.78"
"0","","","2960.25","0","2025-09-23T01:00:00","0","","","","10501","","","0","","84.78"
"0","","","2960.25","0","2025-09-23T02:00:00","0","","","","10501","","","0","","84.78"
"0","","","2960.25","0","2025-09-23T03:00:00","0","","","","10501","","","0","","84.78"
"0","","","2960.25","0","2025-09-23T04:00:00","0","","","","10501","","","0","","84.78"
"0","","","2965.509","0","2025-09-23T05:00:00","0","","","","10501","","","0","","84.81"
"0","","","2965.509","0","2025-09-23T06:00:00","0","","","","10501","","","0","","84.81"
"0","","","2965.509","0","2025-09-23T07:00:00","0","","","","10501","","","0","","84.81"
"0","","","2965.509","0","2025-09-23T08:00:00","0","","","","10501","","","0","","84.81"
"0","","","2965.509","0","2025-09-23T09:00:00","0","","","","10501","","","0","","84.81"
"0","","","2965.509","0","2025-09-23T10:00:00","0","","","","10501","","","0","","84.81"
"0","","","2965.509","0","2025-09-23T11:00:00","0","","","","10501","","","0","","84.81"
"0","","","2965.509","0","2025-09-23T12:00:00","0","","","","10501","","","0","","84.81"
"0","","","2967.263","0","2025-09-23T13:00:00","0","","","","10501","","","0","","84.82"
"0","","","2967.26","1.39","2025-09-23T14:00:00","0","","","","10501","","","0","","84.82"
"0","","","2967.263","0","2025-09-23T15:00:00","0","","","","10501","","","0","","84.82"
"0","","","2969.018","0","2025-09-23T16:00:00","0","","","","10501","","","0","","84.83"
"0","","","2969.018","0","2025-09-23T17:00:00","0","","","","10501","","","0","","84.83"
"0","","","2969.018","0","2025-09-23T18:00:00","0","","","","10501","","","0","","84.83"
"51.4","4.3","31.4","2433","16.8","2025-09-22T19:00:00","","1.2","36.9","","31201","0","4","36.9","","140.62"
"57.4","4.3","31.4","2431","25.13","2025-09-22T20:00:00","","1.2","36.9","","31201","0","4","36.9","","140.6"
"62.8","4.3","20.7","2428","25.13","2025-09-22T21:00:00","","1.2","26.2","","31201","0","4","26.2","","140.58"
"65.9","4.3","20.7","2431","21.52","2025-09-22T22:00:00","","1.2","26.2","","31201","0","4","26.2","","140.6"
"77.5","4.3","20.7","2441","21.52","2025-09-22T23:00:00","","1.2","26.2","","31201","0","4","26.2","","140.68"
"82.6","4.3","20.7","2445","51.27","2025-09-23T00:00:00","","1.2","26.2","","31201","0","4","26.2","","140.71"
"5.2","4.3","20.7","2454","42.5","2025-09-23T01:00:00","","1.2","26.2","","31201","0","4","26.2","","140.77"
"15.1","4.3","20.7","2467","55.94","2025-09-23T02:00:00","","1.2","26.2","","31201","0","4","26.2","","140.87"
"","","","23.53","","2025-09-23T07:00:00","","","","","10203","","","0","","70.26"
"","","","526.07","","2025-09-23T07:00:00","","","","","10204","","","0","","75.3"
"","","","62.6","","2025-09-23T07:00:00","","","","","10211","","","0","","22.23"
"76.5","","","174.94","300","2025-09-22T19:00:00","","","147.42","2025-09-20T20:00:00","10212","147.42","4","147.42","29.29","44.7"
"44","","","105.42","370","2025-09-23T07:00:00","","","273.82","2025-09-23T08:00:00","10212","273.82","4","273.82","25.01","43.65"
"62.5","","","96.36","519","2025-09-23T11:00:00","","","530.3","2025-09-23T12:00:00","10212","530.3","4","530.3","25.53","43.5"
"68","","","105.42","290","2025-09-23T16:00:00","","","361.94","2025-09-23T17:00:00","10212","361.94","4","361.94","26.7","43.65"
"","","","72.24","188.06","2025-09-22T19:00:00","","","","","20202","","","","","273.83"
"","","","73.8","169.2","2025-09-22T20:00:00","","","","","20202","","","","","273.86"
"","","","74.32","165.66","2025-09-22T21:00:00","","","","","20202","","","","","273.87"
"","","","74.32","163.92","2025-09-22T22:00:00","","","","","20202","","","","","273.87"
"","","","77.48","149.96","2025-09-22T23:00:00","","","","","20202","","","","","273.93"
"","","","80.12","68.43","2025-09-23T00:00:00","","","","","20202","","","","","273.98"
"","","","83.88","46.64","2025-09-23T01:00:00","","","","","20202","","","","","274.05"
"","","","84.41","37.03","2025-09-23T02:00:00","","","","","20202","","","","","274.06"
"","","","83.88","34.06","2025-09-23T03:00:00","","","","","20202","","","","","274.05"
"","","","82.8","32.35","2025-09-23T04:00:00","","","","","20202","","","","","274.03"
"","","","81.18","30.74","2025-09-23T05:00:00","","","","","20202","","","","","274"
"","","","79.59","31.97","2025-09-23T06:00:00","","","","","20202","","","","","273.97"
"","","","78.01","31.61","2025-09-23T07:00:00","","","","","20202","","","","","273.94"
"","","","74.85","35.43","2025-09-23T08:00:00","","","","","20202","","","","","273.88"
"","","","69.64","31.86","2025-09-23T09:00:00","","","","","20202","","","","","273.78"
"","","","64.53","61.56","2025-09-23T10:00:00","","","","","20202","","","","","273.68"
"","","","73.28","204.13","2025-09-23T11:00:00","","","","","20202","","","","","273.85"
"","","","68.61","164.57","2025-09-23T12:00:00","","","","","20202","","","","","273.76"
"","","","65.03","166.05","2025-09-23T13:00:00","","","","","20202","","","","","273.69"
"","","","61.51","164.05","2025-09-23T14:00:00","","","","","20202","","","","","273.62"
"","","","58.56","162.91","2025-09-23T15:00:00","","","","","20202","","","","","273.56"
"","","","55.64","162.29","2025-09-23T16:00:00","","","","","20202","","","","","273.5"
"","","","54.22","158.59","2025-09-23T17:00:00","","","","","20202","","","","","273.47"
"","","","54.22","162.02","2025-09-23T18:00:00","","","","","20202","","","","","273.47"
"0","","","926.59","1.35","2025-09-23T07:00:00","","","","","30302","","","0","","75.44"
"","","","58.5014","","2025-09-23T07:00:00","","","","","30306","","","","","59.45"
"0","0","0","1063","0","2025-09-22T19:00:00","","","","","30802","0","","0","0","35.52"
"0","0","0","1063","0","2025-09-22T20:00:00","","","","","30802","0","","0","0","35.52"
"0","0","0","1063","0","2025-09-22T21:00:00","","","","","30802","0","","0","0","35.52"
"0","0","0","1063","0","2025-09-22T22:00:00","","","","","30802","0","","0","0","35.52"
"0","0","0","1065","0","2025-09-22T23:00:00","","","","","30802","0","","0","0","35.53"
"0.2","0","0","1065","0","2025-09-23T00:00:00","","","","","30802","0","","0","0","35.53"
"0.7","0","0","1063","0","2025-09-23T01:00:00","","","","","30802","0","","0","0","35.52"
"1.5","0","0","1063","0","2025-09-23T02:00:00","","","","","30802","0","","0","0","35.52"
"2.2","0","0","1065","0","2025-09-23T03:00:00","","","","","30802","0","","0","0","35.53"
"4.8","0","0","1063","0","2025-09-23T04:00:00","","","","","30802","0","","0","0","35.52"
"6.2","0","0","1065","0","2025-09-23T05:00:00","","","","","30802","0","","0","0","35.53"
"6.4","0","0","1065","0","2025-09-23T06:00:00","","","","","30802","0","","0","0","35.53"
"6.6","0","0","1068","0","2025-09-23T07:00:00","","","","","30802","0","","0","0","35.54"
"7.3","0","0","1065","0","2025-09-23T08:00:00","","","","","30802","0","","0","0","35.53"
"11.8","0","0","1065","0","2025-09-23T09:00:00","","","","","30802","0","","0","0","35.53"
"18.8","0","0","1070","14.3","2025-09-23T10:00:00","","","","","30802","0","","0","0","35.55"
"20.3","0","0","1073","7.16","2025-09-23T11:00:00","","","","","30802","0","","0","0","35.56"
"21.6","0","0","1078","14.37","2025-09-23T12:00:00","","","","","30802","0","","0","0","35.58"
"24.3","0","0","1081","7.18","2025-09-23T13:00:00","","","","","30802","0","","0","0","35.59"
"25.4","0","0","1081","0.02","2025-09-23T14:00:00","","","","","30802","0","","0","0","35.59"
"25.9","0","0","1083","7.19","2025-09-23T15:00:00","","","","","30802","0","","0","0","35.6"
"26.1","0","0","1083","0.03","2025-09-23T16:00:00","","","","","30802","0","","0","0","35.6"
"26.4","0","0","1083","0.03","2025-09-23T17:00:00","","","","","30802","0","","0","0","35.6"
"26.4","0","0","1086","7.2","2025-09-23T18:00:00","","","","","30802","0","","0","0","35.61"
"2.5","","","422.95","11.96","2025-09-23T08:00:00","","","","","30803","","","0","15.2","45.94"
"","","","21.14","","2025-09-23T07:00:00","","","","","50213","","","","","14.84892"
"","1","","1184.25","","2025-09-23T07:00:00","","","1","","10601","","4","1","","60.54"
"","1","","1182.768","","2025-09-23T10:00:00","","","1","","10601","","4","1","","60.53"
"","1","","1182.768","","2025-09-23T11:00:00","","","1","","10601","","4","1","","60.53"
"0","","","1163.4988","","2026-09-16T00:00:00","","","","","10601","","","0","17.1713","60.4"
"0","","","1150.2252","","2026-09-17T00:00:00","","","","","10601","","","0","16.6795","60.31"
"0","","","1150.2252","","2026-09-18T00:00:00","","","","","10601","","","0","","60.31"
"73","","","","","2025-09-22T22:00:00","","","","","10802","","","0","","5.15"
"75","","","","","2025-09-22T23:00:00","","","","","10802","","","0","","5.15"
"75","","","","","2025-09-23T00:00:00","","","","","10802","","","0","","5.15"
"102","","","","","2025-09-23T06:00:00","","","","","10802","","","0","","5.05"
"116","","","","","2025-09-23T07:00:00","","","","","10802","","","0","","5.05"
"152","","","","","2025-09-23T15:00:00","","","","","10802","","","0","","5.05"
"","","","1236","","2025-09-23T08:00:00","","","","","30401","","","","","108.1"
"","","","154.3151","","2025-09-23T07:00:00","","","","","30403","","","","","13.3"
"","","","7010","","2025-09-23T07:00:00","","","","","30501","","","","","57.43"
"1","","","8387.87","18.03","2025-09-23T07:00:00","","","","","30503","","","0","12.6","179.72"
"3","","","91","0.03","2025-09-23T07:00:00","","","","","30504","","","0","0.02","142.52"
"","","","148.08","","2025-09-23T07:00:00","","","","","50201","","","","","18.35"
"","","","48.62","","2025-09-23T07:00:00","","","","","50202","","","","","6.3"
"1.2","0","","48364","27.78","2025-09-23T05:00:00","","0","","","30502","0","","0","","229.56"
"0","0","","48382","0","2025-09-23T06:00:00","","0","","","30502","0","","0","","229.57"
"2","0","","48400","50","2025-09-23T07:00:00","","0","","","30502","0","","0","","229.58"
"2.5","0","","48400","29.17","2025-09-23T08:00:00","","0","","","30502","0","","0","","229.58"
"2.7","0","","48400","27.78","2025-09-23T09:00:00","","0","","","30502","0","","0","","229.58"
"3.1","0","","48400","11.11","2025-09-23T10:00:00","","45.38","","","30502","0","","45.38","","229.58"
"3.8","0","","48419","100","2025-09-23T11:00:00","","46.41","","","30502","0","","46.41","","229.59"
"4.2","0","","48400","34.72","2025-09-23T12:00:00","","46.7","","","30502","0","","46.7","","229.58"
"5.5","0","","48400","47.22","2025-09-23T13:00:00","","46.49","","","30502","0","","46.49","","229.58"
"6.4","0","","48400","47.22","2025-09-23T14:00:00","","46.59","","","30502","0","","46.59","","229.58"
"8.5","0","","48400","47.22","2025-09-23T15:00:00","","46.45","","","30502","0","","46.45","","229.58"
"10.1","0","","48382","44.44","2025-09-23T16:00:00","","46.34","","","30502","0","","46.34","","229.57"
"13","0","","48382","47.22","2025-09-23T17:00:00","","46.16","","","30502","0","","46.16","","229.57"
"15.3","0","","48382","47.22","2025-09-23T18:00:00","","46.54","","","30502","0","","46.54","","229.57"
"","","","19.76","","2025-09-23T07:00:00","","","","","50203","","","","","30.64249"
"","","","19.02","","2025-09-23T07:00:00","","","","","50204","","","","","18.17"
"","","","1363.05","","2025-09-23T07:00:00","","","","","20501","","","0","","998.57"
"","","","12581.9","","2025-09-23T07:00:00","","","","","20502","","","0","","748.15"
"","","","5051.37","4.63","2025-09-22T19:00:00","","","","","20509","1.92","3","1.92","3.01","211.55"
"","","","5053.44","5.32","2025-09-22T20:00:00","","","","","20509","2.32","3","2.32","3","211.56"
"","","","5053.44","5.33","2025-09-22T21:00:00","","","","","20509","2.32","3","2.32","3.01","211.56"
"","","","5053.44","5.31","2025-09-22T22:00:00","","","","","20509","2.32","3","2.32","2.99","211.56"
"","","","5053.44","5.32","2025-09-22T23:00:00","","","","","20509","2.32","3","2.32","3","211.56"
"","","","5053.44","5.27","2025-09-23T00:00:00","","","","","20509","2.32","3","2.32","3.01","211.56"
"","","","5053.44","5.32","2025-09-23T01:00:00","","","","","20509","2.32","3","2.32","3","211.56"
"","","","5053.44","5.33","2025-09-23T02:00:00","","","","","20509","2.32","3","2.32","3.01","211.56"
"","","","5053.44","5.34","2025-09-23T03:00:00","","","","","20509","2.32","3","2.32","3.02","211.56"
"","","","5051.37","3.49","2025-09-23T04:00:00","","","","","20509","1.92","3","1.92","3.01","211.55"
"","","","5051.37","3.78","2025-09-23T05:00:00","","","","","20509","1.92","3","1.92","3.01","211.55"
"","","","5051.37","3.97","2025-09-23T06:00:00","","","","","20509","1.92","3","1.92","3.01","211.55"
"","","","5053.44","5.41","2025-09-23T07:00:00","","","","","20509","2.32","3","2.32","3.09","211.56"
"","","","5053.44","5.31","2025-09-23T08:00:00","","","","","20509","2.32","3","2.32","2.99","211.56"
"","","","5053.44","5.37","2025-09-23T09:00:00","","","","","20509","2.32","3","2.32","3.05","211.56"
"","","","5051.37","4.38","2025-09-23T10:00:00","","","","","20509","1.92","3","1.92","3.03","211.55"
"","","","5053.44","5.34","2025-09-23T11:00:00","","","","","20509","2.32","3","2.32","3.02","211.56"
"","","","5051.37","4.46","2025-09-23T12:00:00","","","","","20509","1.92","3","1.92","3.02","211.55"
"","","","5053.44","5.36","2025-09-23T13:00:00","","","","","20509","2.32","3","2.32","3.04","211.56"
"","","","5053.44","6.24","2025-09-23T14:00:00","","","","","20509","2.32","3","2.32","3.92","211.56"
"","","","5051.37","5.57","2025-09-23T15:00:00","","","","","20509","1.92","3","1.92","4.03","211.55"
"","","","5053.44","6.5","2025-09-23T16:00:00","","","","","20509","2.32","3","2.32","4.18","211.56"
"","","","5053.44","6.2","2025-09-23T17:00:00","","","","","20509","2.32","3","2.32","3.88","211.56"
"","","","5051.37","5.48","2025-09-23T18:00:00","","","","","20509","1.92","3","1.92","3.88","211.55"
"0","","","2405.94","3.84","2025-09-23T07:00:00","","","","","30301","","","0","","104.74"
"","","","69.993","","2025-09-23T08:00:00","","","","","30601","","","","","34.84"
"","","","38.1767","","2025-09-22T21:00:00","","","1.392","","30602","1.392","4","1.392","","29.86"
"","","","35.4609","","2025-09-23T00:00:00","","","1.273","","30602","1.273","4","1.273","","29.59"
"","","","30.2304","","2025-09-23T06:00:00","","","1.007","","30602","1.007","4","1.007","","29.07"
"2","","","28.0404","","2025-09-23T09:00:00","","","0.857","","30602","0.857","4","0.857","","28.83"
"","","","26.3797","","2025-09-23T12:00:00","","","0.716","","30602","0.716","4","0.716","","28.64"
"","","","25.5056","","2025-09-23T15:00:00","","","0.63","","30602","0.63","4","0.63","","28.54"
"18.5","","","25.593","","2025-09-23T16:00:00","","","","","30602","","","0","","28.55"
"17","","","201","","2025-09-23T07:00:00","","","","","30801","","","0","","17.24"
"6.9","","","","55.1","2025-09-22T19:00:00","50.44","","","","30901","","","50.44","4.66","16.18"
"8.9","","","","55.1","2025-09-22T20:00:00","50.43","","","","30901","","","50.43","4.67","16.17"
"11.1","","","","55.7","2025-09-22T21:00:00","51.04","","","","30901","","","51.04","4.66","16.18"
"14","","","","55.7","2025-09-22T22:00:00","51.03","","","","30901","","","51.03","4.67","16.18"
"23.2","","","","58","2025-09-23T00:00:00","53.33","","","","30901","","","53.33","4.67","16.2"
"4","","","","60.6","2025-09-23T01:00:00","55.95","","","","30901","","","55.95","4.65","16.19"
"9","","","","62","2025-09-23T02:00:00","57.34","","","","30901","","","57.34","4.66","16.2"
"14.7","","","","63.2","2025-09-23T03:00:00","58.53","","","","30901","","","58.53","4.67","16.2"
"19","","","","64.5","2025-09-23T04:00:00","59.81","","","","30901","","","59.81","4.69","16.22"
"24.1","","","","463.9","2025-09-23T05:00:00","459.19","","","","30901","","","459.19","4.71","16.34"
"27.7","","","","462.8","2025-09-23T06:00:00","462.8","","","","30901","","","462.8","3.52","16.47"
"31.5","","","","462.8","2025-09-23T07:00:00","458.11","","","","30901","","","458.11","4.69","16.87"
"35.1","","","","615.9","2025-09-23T08:00:00","611.19","","","","30901","","","611.19","4.71","16.96"
"41.3","","","","1072.4","2025-09-23T09:00:00","1068.84","","","","30901","","","1068.84","3.56","16.44"
"50","","","","1310.5","2025-09-23T10:00:00","1310.5","","","","30901","","","1310.5","0","16.59"
"56.1","","","","1441.9","2025-09-23T11:00:00","1438.41","","","","30901","","","1438.41","3.49","16.78"
"62.3","","","","1582.7","2025-09-23T12:00:00","1579.21","","","","30901","","","1579.21","3.49","16.96"
"68.7","","","","2158","2025-09-23T13:00:00","2154.51","","","","30901","","","2154.51","3.49","17.01"
"78.5","","","","2190.7","2025-09-23T14:00:00","2187.21","","","","30901","","","2187.21","3.49","17.04"
"86.7","","","","2398.9","2025-09-23T15:00:00","2395.41","","","","30901","","","2395.41","3.49","17.21"
"93.9","","","","2631.4","2025-09-23T16:00:00","2628.86","","","","30901","","","2628.86","2.54","17.38"
"100.8","","","","2718.6","2025-09-23T17:00:00","2716.07","","","","30901","","","2716.07","2.53","17.44"
"","","","8.25","","2025-09-23T07:00:00","","","","","50209","","","","","12.54"
"","","","37.26","","2025-09-23T07:00:00","","","","","50210","","","","","2.833484"
"12.5","","","","21.54","2025-09-23T06:00:00","5.46","","","","31002","","","5.46","16.08","246.07"
"14.7","","","","26.12","2025-09-23T07:00:00","5.73","","","","31002","","","5.73","20.39","246.07"
"15.9","","","","32.91","2025-09-23T08:00:00","8.07","","","","31002","","","8.07","24.84","246.08"
"18.5","","","","32.82","2025-09-23T09:00:00","8.32","","","","31002","","","8.32","24.5","246.09"
"20.1","","","","32.18","2025-09-23T10:00:00","5.23","","","","31002","","","5.23","26.95","246.06"
"22.6","","","","32.42","2025-09-23T11:00:00","5.41","","","","31002","","","5.41","27.01","246.06"
"25.1","","","","32.34","2025-09-23T12:00:00","5.33","","","","31002","","","5.33","27.01","246.06"
"28.4","","","","43.71","2025-09-23T13:00:00","16.19","","","","31002","","","16.19","27.52","246.15"
"31.1","","","","50.46","2025-09-23T14:00:00","22.98","","","","31002","","","22.98","27.48","246.19"
"34.6","","","","72.54","2025-09-23T15:00:00","56.78","","","","31002","","","56.78","15.76","246.35"
"37.8","","","","78.78","2025-09-23T16:00:00","63.02","","","","31002","","","63.02","15.76","246.38"
"42.8","","","","81.91","2025-09-23T17:00:00","71.02","","","","31002","","","71.02","10.89","246.41"
"","","","35.96","","2025-09-23T07:00:00","","","","","50205","","","","","3.65"
"","","","23.65","","2025-09-23T07:00:00","","","","","50206","","","","","30.59"
"","","","33.4","","2025-09-23T07:00:00","","","","","50207","","","","","2.987"
"","","","5.07","","2025-09-23T07:00:00","","","","","50208","","","","","8.22"
"","","","38.11","","2025-09-23T07:00:00","","","","","50212","","","","","2.69"
"","","","3.2032","","2025-09-23T08:00:00","","","","","50306","","","0","","17.02"
"","","","0.4495","","2025-09-23T08:00:00","","","","","50307","","","0","","8.5"
"15.2","4.3","20.7","2476","54.63","2025-09-23T03:00:00","","0","25","","31201","0","4","25","","140.94"
"15.6","4.3","20.7","2482","45.83","2025-09-23T04:00:00","","0","25","","31201","0","4","25","","140.98"
"21.7","4.3","31.4","2483","41.19","2025-09-23T05:00:00","","0","35.7","","31201","0","4","35.7","","140.99"
"24.3","4.3","31.4","2483","35.5","2025-09-23T06:00:00","","0","35.7","","31201","0","4","35.7","","140.99"
"27.4","4.3","31.4","2486","35.75","2025-09-23T07:00:00","","0","35.7","","31201","0","4","35.7","","141.01"
"29","4.3","40.8","2486","41.91","2025-09-23T08:00:00","","0","45.1","","31201","0","4","45.1","","141.01"
"30.3","4.3","40.8","2482","38.2","2025-09-23T09:00:00","","0","45.1","","31201","0","4","45.1","","140.98"
"30.3","4.3","26.3","2478","29.58","2025-09-23T10:00:00","","0","30.6","","31201","0","4","30.6","","140.95"
"31.3","4.3","26.3","2475","19.41","2025-09-23T11:00:00","","0","30.6","","31201","0","4","30.6","","140.93"
"32","2.9","20.7","2475","25.41","2025-09-23T12:00:00","","0","23.6","","31201","0","4","23.6","","140.93"
"33.3","2.9","20.7","2475","23.58","2025-09-23T13:00:00","","1.1","24.7","","31201","0","4","24.7","","140.93"
"34","2.9","20.7","2478","24.16","2025-09-23T14:00:00","","1.1","24.7","","31201","0","4","24.7","","140.95"
"36.5","2.9","26.3","2480","33.61","2025-09-23T15:00:00","","1.1","30.3","","31201","0","4","30.3","","140.97"
"37.9","2.9","26.3","2480","31.75","2025-09-23T16:00:00","","1.1","30.3","","31201","0","4","30.3","","140.97"
"42.8","2.9","26.3","2484","33.47","2025-09-23T17:00:00","","1.1","30.3","","31201","0","4","30.3","","141"
"43.2","2.9","26.3","2483","31.8","2025-09-23T18:00:00","","1.1","30.3","","31201","0","4","30.3","","140.99"
"","","","11.9668","","2025-09-23T08:00:00","","","","","50308","","","0","","17.82"
"","","","7.986","","2025-09-23T08:00:00","","","","","50309","","","0","","18.28"
"","","","35.1685","","2025-09-23T08:00:00","","","","","50310","","","0","","14.56"
"","","","15.18","","2025-09-23T07:00:00","","","","","50214","","","","","17.12819"
"","","","17.6792","","2025-09-23T08:00:00","","","","","50301","","","0","","15.82"
"","","","2.8951","","2025-09-23T08:00:00","","","","","50302","","","0","","12.02"
"","","","0.0784","","2025-09-23T08:00:00","","","","","50303","","","0","","3.39"
"","","","1.372","","2025-09-23T08:00:00","","","","","50304","","","0","","7.17"
"","","","3.5422","","2025-09-23T08:00:00","","","","","50305","","","0","","18.94"
